CSV Report,juices full conc.csv
Worksheet Type,Scan

METHOD
X mode,nm
Y mode,Abs
Collect mode,Scan
Scan range start (nm),800.00
Scan range stop (nm),200.00
Data Interval (nm),1.00
Scan rate (nm/min),3000
Averaging Time (s),.02
Spectral Bandwidth (nm),2
Detector module,Multicell Peltier UV-Vis
Baseline,Off
Experiment Zones,1


SAMPLES
Name,apple,,orange,,pineapple,,cranberry,,blackcurrent,
Collection Time,2025-11-27 14:21:57 (+00:00),,2025-11-27 14:21:57 (+00:00),,2025-11-27 14:21:57 (+00:00),,2025-11-27 14:21:57 (+00:00),,2025-11-27 14:21:57 (+00:00),
Cell Number,Cell 1,,Cell 2,,Cell 3,,Cell 4,,Cell 5,
Module Serial Number,MY2017ZC04,,MY2017ZC04,,MY2017ZC04,,MY2017ZC04,,MY2017ZC04,
Temperatures (Â°C),,,,,,,,,,
Instrument Serial Number,MY2025ZA06,,MY2025ZA06,,MY2025ZA06,,MY2025ZA06,,MY2025ZA06,
Instrument Name,MY2025ZA06,,MY2025ZA06,,MY2025ZA06,,MY2025ZA06,,MY2025ZA06,
,Wavelength (nm),Abs,Wavelength (nm),Abs,Wavelength (nm),Abs,Wavelength (nm),Abs,Wavelength (nm),Abs
,800,0.065856143419783,800,1.95502132904163,800,1.42352712381317,800,0.0593272285158591,800,0.0681076341476458
,799,0.0657193693808316,799,1.95621995372712,799,1.42380147916186,799,0.0595472951769437,799,0.0680311810291467
,798,0.0663017332687189,798,1.96965950047353,798,1.43074613560459,798,0.0596275549422609,798,0.0683204111872831
,797,0.0663260392603133,797,1.954597018436,797,1.42639880754048,797,0.0597924858717994,797,0.0684474910658245
,796,0.0662990494398918,796,1.97372938018894,796,1.42797350068797,796,0.06001653345631,796,0.0685927967443985
,795,0.0663208824163982,795,1.95324186561046,795,1.43339919496403,795,0.0598514877240887,795,0.0686018610164661
,794,0.066220170373019,794,1.97922932125598,794,1.43380350179221,794,0.0598549342029217,794,0.0685959798284215
,793,0.0664558550810926,793,1.98317656703595,793,1.43151331211086,793,0.060311150642589,793,0.0689181072868562
,792,0.0668563750411744,792,1.96262170256656,792,1.43503353122492,792,0.0606155812427702,792,0.0692932734819062
,791,0.06680248207785,791,1.96955337614101,791,1.43872622257192,791,0.0604747644909713,791,0.069579942651606
,790,0.0666783876372856,790,1.97009105318239,790,1.44404145211099,790,0.0605699566145091,790,0.069503928639479
,789,0.066896685914894,789,1.96048434984046,789,1.44092369817603,789,0.0609713379335954,789,0.0691509507968405
,788,0.0673898986369861,788,1.97974190434866,788,1.44602512244508,788,0.0611776661818883,788,0.06999646332792
,787,0.0674999236379215,787,1.9755833993295,787,1.44916473935687,787,0.0616493863008805,787,0.0700952867755225
,786,0.0672802944082172,786,1.9816941395081,786,1.44153178618567,786,0.0616579189542088,786,0.070488826492405
,785,0.0675855078321032,785,1.9753735366326,785,1.44455727923719,785,0.0618884833880752,785,0.0704140535936714
,784,0.0677833837792,784,1.96480897450445,784,1.44576598818696,784,0.0617157127010973,784,0.070649589189146
,783,0.0680151654274091,783,1.98502705474353,783,1.45053000591863,783,0.0623165128817542,783,0.0712289379334833
,782,0.0674826273972527,782,1.99941687501046,782,1.44825080921772,782,0.0619335004087033,782,0.0705863002373426
,781,0.0677464094317711,781,1.97622684550335,781,1.45504547891046,781,0.0625032732965264,781,0.0713377129301111
,780,0.067818969266186,780,1.98153839865838,780,1.46339432593069,780,0.0626770753525651,780,0.0715218017843865
,779,0.0686867226925161,779,1.98972249025999,779,1.45295291988397,779,0.0627510662305807,779,0.0717105181537062
,778,0.0684130358366122,778,1.99962741163396,778,1.46053376591727,778,0.0633347019696346,778,0.0720042264635045
,777,0.0680992766367239,777,2.00934831357122,777,1.45867647705736,777,0.0631472843762994,777,0.0720940951925775
,776,0.0687127999927936,776,2.00118303087663,776,1.4590309957388,776,0.0633567158936616,776,0.0723556484038288
,775,0.0680059922958371,775,1.98754517737948,775,1.44952801749541,775,0.0629077028983203,775,0.0721644814123417
,774,0.0684399452277652,774,1.98848483590252,774,1.45967949229065,774,0.0633086461138408,774,0.0725789308391536
,773,0.068821340833985,773,2.00461732654455,773,1.46507815690535,773,0.0640016347666924,773,0.0731026878202582
,772,0.0695758408365429,772,2.0043382934238,772,1.47004323959926,772,0.0638449629497091,772,0.0729742998947407
,771,0.0689789689592254,771,2.00042353263457,771,1.46489304360706,771,0.0643401536486209,771,0.073087678684749
,770,0.0689570322886615,770,1.99071371048859,770,1.46981519022553,770,0.0643628490418638,770,0.0736747385622133
,769,0.0691939644890452,769,2.01071864131121,769,1.46913323691951,769,0.0644815388484978,769,0.0736065298528354
,768,0.0692601477199667,768,2.0009641990579,768,1.46985270487788,768,0.0644304619251794,768,0.0735821502916683
,767,0.069349814761888,767,2.00766733477397,767,1.47358760290845,767,0.0646546324912505,767,0.0740182757854665
,766,0.0696366428198035,766,2.00405127421025,766,1.47184937313193,766,0.0648910619611414,766,0.0744849223959295
,765,0.0693957333980381,765,2.01213194436554,765,1.47799547157428,765,0.0650275452785494,765,0.074352868955493
,764,0.069266614787558,764,2.01280376878426,764,1.47774196794975,764,0.0650183749010292,764,0.0743250377789419
,763,0.0696710433142767,763,2.02156176934978,763,1.47791737240848,763,0.0652675773549207,763,0.0746840001671281
,762,0.0696448172487909,762,2.00342150170607,762,1.47771052125841,762,0.065625089350951,762,0.0747915222844214
,761,0.0700721073278252,761,2.01552527497161,761,1.48401710939622,761,0.0656970848055092,761,0.075214274250565
,760,0.0696404109389573,760,2.00969282718028,760,1.48031605471173,760,0.0657242179331368,760,0.0752861223798556
,759,0.0701062989676227,759,2.02621122114802,759,1.48318156496157,759,0.066410336705943,759,0.0758388020560531
,758,0.0696593128041684,758,2.0188364204586,758,1.48822021117339,758,0.0658470157772491,758,0.075638239213404
,757,0.0701529061429621,757,2.01723098804216,757,1.48712262722495,757,0.0664463226738743,757,0.0760533662905883
,756,0.0699003381158289,756,2.03173329848029,756,1.48842391059583,756,0.0661123077469642,756,0.0757426386740319
,755,0.0696747813413209,755,2.03141664024989,755,1.4898918741117,755,0.0663194650489739,755,0.0759478438020703
,754,0.0696749636849266,754,2.03192658214496,754,1.49167648743222,754,0.0662566230236123,754,0.0761818348990901
,753,0.0696611969580082,753,2.02412800379301,753,1.49376510724054,753,0.0663554434876871,753,0.076354101073142
,752,0.0696361262253711,752,2.03399615256756,752,1.49709360806169,752,0.0665469966637406,752,0.0765356052365271
,751,0.0698401984555408,751,2.0278527174281,751,1.49652991846861,751,0.0666871705826962,751,0.0763992230844335
,750,0.0697498829936966,750,2.02868610321016,750,1.49922546217849,750,0.0665424104667304,750,0.0768460049223146
,749,0.0698484679250948,749,2.03145077429871,749,1.49988656168925,749,0.0667477203933212,749,0.0769590702279899
,748,0.0699008854310575,748,2.03313755100386,748,1.50348992981673,748,0.0671332517683699,748,0.077103944369072
,747,0.0700573850664713,747,2.03756162025427,747,1.50050733141768,747,0.0673383576267703,747,0.0778866735375131
,746,0.069666667128375,746,2.03159903851521,746,1.5051190715735,746,0.0670957285136747,746,0.0774203193786746
,745,0.0697915577040739,745,2.04269692177871,745,1.50978917902641,745,0.0673389017227917,745,0.0778144868242189
,744,0.0700593317831411,744,2.05360139550716,744,1.50887826836217,744,0.067546191443665,744,0.0780391071242056
,743,0.0698209239061196,743,2.05346990123004,743,1.51186369577308,743,0.0675827555690547,743,0.0780346767812678
,742,0.0696760577481682,742,2.05060686821736,742,1.50865642338132,742,0.0676936160042034,742,0.0782351408179899
,741,0.0693727734730819,741,2.05173857214715,741,1.50933565420809,741,0.067236532989738,741,0.078079416026675
,740,0.0695621683994537,740,2.04958849235744,740,1.51466060466177,740,0.0675201538563456,740,0.0783447239640879
,739,0.0692881723750624,739,2.04576919405227,739,1.51238469296206,739,0.0676332064137983,739,0.0782180935918613
,738,0.0690306140163752,738,2.04666297839562,738,1.51640341219314,738,0.0674436831392693,738,0.0784344880450259
,737,0.0689034544293269,737,2.05386052004922,737,1.51584937051249,737,0.0673623891842019,737,0.0784216501794007
,736,0.0685982231587955,736,2.05460932958202,736,1.52014387602165,736,0.0670387247485657,736,0.0783544281325897
,735,0.0683863099160445,735,2.06549852402167,735,1.52185608904386,735,0.0672333900741555,735,0.0784596377174313
,734,0.0680084142259422,734,2.04843202742003,734,1.52097905681448,734,0.0667679759780019,734,0.0781014775174387
,733,0.0675817272554685,733,2.05914178598908,733,1.52099771578283,733,0.0664958874425505,733,0.0781925549997825
,732,0.0672419424842443,732,2.05397550716122,732,1.52505958655836,732,0.0661176429709524,732,0.077790272433379
,731,0.0669174920170354,731,2.05396680535919,731,1.52577258407906,731,0.0658152663301114,731,0.0776642369675391
,730,0.0662214065170056,730,2.0623518754612,730,1.5258152306905,730,0.0652240784287411,730,0.0772750613346253
,729,0.0656368318351099,729,2.06278062012213,729,1.52667024037881,729,0.0651550486202857,729,0.0769284139214876
,728,0.0656081686885748,728,2.06314733676647,728,1.52845013443385,728,0.0649040771322248,728,0.0771171452476123
,727,0.0653312091507185,727,2.06403330627053,727,1.52834750544933,727,0.0647348802772317,727,0.0770806351324321
,726,0.0651370936447551,726,2.06144896378692,726,1.53161219198309,726,0.0647132470667686,726,0.0769169801676867
,725,0.0647752050541696,725,2.06370775846412,725,1.53365363423872,725,0.064384945167305,725,0.0770471264325152
,724,0.0644987159772736,724,2.05904215031382,724,1.53146279847247,724,0.064368312924779,724,0.077000515308328
,723,0.0644555642361764,723,2.06107078224352,723,1.53646140691758,723,0.0644206736181544,723,0.0771475056993033
,722,0.0643412343547391,722,2.07360196624753,722,1.53861542671322,722,0.0645053527771674,722,0.0772999893085914
,721,0.0641077442411626,721,2.07020068406946,721,1.53693880277311,721,0.0644210339200236,721,0.0772157471694683
,720,0.0644524113542844,720,2.07650234501869,720,1.54171202593232,720,0.064653130427722,720,0.0773808759011318
,719,0.0642375888658803,719,2.07957619630252,719,1.54266652993729,719,0.0649352790614117,719,0.0776009698701786
,718,0.0644904576574875,718,2.07770493482391,718,1.54489567639353,718,0.0652257930342185,718,0.077743271881345
,717,0.0645976478411286,717,2.07803800340692,717,1.54407880091226,717,0.0654769204609054,717,0.07809069451396
,716,0.0644720797057724,716,2.08331480856223,716,1.54755647388726,716,0.065527217559578,716,0.0784421785424225
,715,0.0645582405851942,715,2.08256393955482,715,1.54863495348815,715,0.0656863344125064,715,0.0786079604726063
,714,0.0644014279277332,714,2.08609805926059,714,1.54948301318768,714,0.0655883283957133,714,0.0786699472206206
,713,0.064459377752479,713,2.08214302822488,713,1.55313636344728,713,0.0658768394783084,713,0.0789205283672635
,712,0.0643122363392801,712,2.08880878772952,712,1.55271104283722,712,0.0659917551871108,712,0.0790792258986065
,711,0.064285821612896,711,2.08866609207066,711,1.55548308707713,711,0.0659971491989897,711,0.0793859487484347
,710,0.064053231272914,710,2.09107956091258,710,1.55564307125231,710,0.065977712989962,710,0.0793011767652291
,709,0.0638619349994341,709,2.09448737408937,709,1.56014998563609,709,0.0659965766470646,709,0.0793996542775427
,708,0.0640144733244259,708,2.08808889143775,708,1.5581209314568,708,0.0664521446572102,708,0.0799592463479517
,707,0.0639094062858399,707,2.09173763426439,707,1.5642726454629,707,0.0663814113377065,707,0.0799062852796759
,706,0.0637221302705681,706,2.09269331991109,706,1.56246775695598,706,0.0662941341559417,706,0.0802958338466095
,705,0.0636785460624319,705,2.09445720876615,705,1.56653884139745,705,0.0665900851426942,705,0.0808912285331492
,704,0.0637196721727066,704,2.09738231411617,704,1.56723778997321,704,0.0667211873085708,704,0.0810165507982864
,703,0.063692184391885,703,2.09772449521945,703,1.56873750324833,703,0.0669500469605091,703,0.0814718890541542
,702,0.06394479571224,702,2.10355620192431,702,1.57000515289221,702,0.0673463679981619,702,0.0818902258185197
,701,0.0638394756620922,701,2.10407117258227,701,1.57169736722643,701,0.0675330666110359,701,0.0822187729173816
,700,0.0639801280332521,700,2.10387857142512,700,1.57318064466079,700,0.0676410104851199,700,0.0825782799217577
,699,0.0638352477992499,699,2.1043280899216,699,1.57423873830453,699,0.06794596301964,699,0.0830189628715163
,698,0.063946835190797,698,2.10768557401093,698,1.57689930613815,698,0.0682421334620603,698,0.0834700380735184
,697,0.0638661631220859,697,2.11048560637942,697,1.58017933063539,697,0.0683384679592971,697,0.0837706805049182
,696,0.0641803288130664,696,2.11204630826472,696,1.58047187528052,696,0.0689677425855148,696,0.0846150980085107
,695,0.064060311271804,695,2.11580179740691,695,1.58180144015591,695,0.0692582956667049,695,0.0849048254822839
,694,0.0639154642712086,694,2.11638874050381,694,1.58167366616055,694,0.0692197990364263,694,0.085198525937881
,693,0.0641441700378409,693,2.11939917087503,693,1.585949031675,693,0.0695808845553491,693,0.0857542284244362
,692,0.0641886712649662,692,2.11584238099135,692,1.58610052612551,692,0.0698012550191108,692,0.0862988962739532
,691,0.0643684630324227,691,2.11836849539241,691,1.58953162263752,691,0.0701865564687732,691,0.0870343025742452
,690,0.0644830703481273,690,2.12110009980371,690,1.59170705722949,690,0.0707062159483618,690,0.0876692636286354
,689,0.0645741592443853,689,2.12059268518588,689,1.59336041918004,689,0.0710240903123264,689,0.088222302709081
,688,0.0646603704217566,688,2.12405827612098,688,1.59575249424849,688,0.0713731332156618,688,0.0887917352155797
,687,0.0645725072809205,687,2.12853486375948,687,1.59691046487089,687,0.071540266848686,687,0.0893461110397053
,686,0.064619575682823,686,2.12569478894315,686,1.59994501756878,686,0.0718374334384564,686,0.0899634778654393
,685,0.0649199182939677,685,2.12792175530767,685,1.60175111333291,685,0.072398307888117,685,0.0906590621956166
,684,0.0650677769605394,684,2.13156441810884,684,1.604376409443,684,0.073008873919931,684,0.0914885833492254
,683,0.0651377552889716,683,2.13181215992228,683,1.60631074584156,683,0.0733052393521903,683,0.092062189487154
,682,0.0653937669399277,682,2.13742473694679,682,1.6098718636386,682,0.073769800849682,682,0.0929508903639956
,681,0.0653026564258517,681,2.13963840793552,681,1.6125194513865,681,0.0740130574859434,681,0.0936094673627296
,680,0.0654528425233505,680,2.13960108890892,680,1.61399799929243,680,0.0744823411621898,680,0.0943881219827432
,679,0.06560359239493,679,2.14464045404591,679,1.61669981988457,679,0.075074552287223,679,0.0951981481964684
,678,0.0658730134950722,678,2.14693966914956,678,1.61910907216936,678,0.0756173191995014,678,0.0961984667636824
,677,0.0660624552056797,677,2.14574894908864,677,1.62244094646285,677,0.0759992758741326,677,0.0969307481636687
,676,0.0661330461605098,676,2.14993487240486,676,1.62377581130987,676,0.0765598732764435,676,0.0977417096253434
,675,0.0662923248629737,675,2.15215302917411,675,1.6269998978081,675,0.0771267601915673,675,0.0988307151766167
,674,0.0663609023377167,674,2.15098605580008,674,1.62887129729688,674,0.0776750403432769,674,0.0996615493847317
,673,0.0667111963168073,673,2.15212813979129,673,1.63119901885759,673,0.0781957472416644,673,0.100671593490319
,672,0.0668334885848586,672,2.15754767098697,672,1.63326286126531,672,0.078759219959703,672,0.101736797545613
,671,0.0670440411585645,671,2.15371161142496,671,1.634435213323,671,0.0793988151510858,671,0.102848377596452
,670,0.0670037770142758,670,2.16047430898649,670,1.63652647422655,670,0.0799225276468838,670,0.103679480385823
,669,0.0672333598539237,669,2.16247507316354,669,1.63770128864673,669,0.0805761177157928,669,0.104867064178381
,668,0.0674953576053699,668,2.16404852120831,668,1.63939095531497,668,0.0813056035769401,668,0.105989867420198
,667,0.0675630668113217,667,2.16337908555346,667,1.64071624774496,667,0.0818306530544899,667,0.107090537859132
,666,0.0676680535846238,666,2.16592161002615,666,1.64291902226744,666,0.0825130095450849,666,0.108279726318326
,665,0.0679552862358638,665,2.16795551657835,665,1.64387977840668,665,0.0834067037545674,665,0.109558154054933
,664,0.068053373755971,664,2.17204010896204,664,1.64621753463819,664,0.084132763195518,664,0.110866585549051
,663,0.0682208094683414,663,2.17456096256924,663,1.64812155141713,663,0.0848845244180701,663,0.112279629141697
,662,0.068428793385877,662,2.17034210604697,662,1.64894374096678,662,0.0856094352383598,662,0.113664830959415
,661,0.0684681291479988,661,2.17467212668532,661,1.65081966014151,661,0.0862730675053882,661,0.114848779687181
,660,0.0686413640496385,660,2.17665041156789,660,1.65244931168637,660,0.0870673571460475,660,0.116312383247544
,659,0.0688991466439242,659,2.17770832634751,659,1.65322411569774,659,0.0880059541980526,659,0.117828469151569
,658,0.0690222083800587,658,2.18160182368058,658,1.65437035938959,658,0.0888289574442854,658,0.11932175656303
,657,0.0693309567284593,657,2.18352191581375,657,1.65631677049278,657,0.089827970857095,657,0.121028798378911
,656,0.0694562064162693,656,2.1858654587077,656,1.6582491847241,656,0.0906669403478726,656,0.122770976941647
,655,0.0696064078860502,655,2.18636743231904,655,1.66071950292747,655,0.0917910887151607,655,0.124570000883397
,654,0.0695073918183801,654,2.18375653547241,654,1.66053061908103,654,0.0926639818733794,654,0.126132614766427
,653,0.0697107045097654,653,2.18982985868481,653,1.66292612469686,653,0.0937537727192106,653,0.128068069554317
,652,0.0699703392494006,652,2.18787388266564,652,1.66392935583489,652,0.0949106857989874,652,0.129947416295352
,651,0.0701396414507149,651,2.19531861491191,651,1.66795224805272,651,0.096170459674392,651,0.131962734163503
,650,0.0703954232624591,650,2.19466575619186,650,1.66858073870297,650,0.0973419344827826,650,0.133955520171691
,649,0.0706696620583881,649,2.19742333573088,649,1.67045528545443,649,0.0986492681676693,649,0.136418806679995
,648,0.0707950851941231,648,2.1996372529104,648,1.67325472536923,648,0.0998433547503559,648,0.138675719804899
,647,0.0712593775456182,647,2.19895549166226,647,1.67422000258578,647,0.101447853248202,647,0.141150667893144
,646,0.0713395128577254,646,2.20407781646058,646,1.67683436271134,646,0.102760212238738,646,0.143559129939573
,645,0.0713600142545511,645,2.20161636463715,645,1.67715058319753,645,0.104047601589279,645,0.145898177346709
,644,0.0715655698398713,644,2.20960472273201,644,1.68113946567357,644,0.105660506655873,644,0.148617393076919
,643,0.0718296757615761,643,2.20471378541352,643,1.68372361230464,643,0.107324993129524,643,0.151623233026703
,642,0.0720312065187964,642,2.21107495122084,642,1.68397521607469,642,0.109045226566642,642,0.154437119347312
,641,0.0722702808586149,641,2.21452180527867,641,1.68577678880878,641,0.110866217993063,641,0.157334950554926
,640,0.072541148276397,640,2.21555732851135,640,1.6874263239116,640,0.1127466892304,640,0.160521999677579
,639,0.072608792096783,639,2.2178518360569,639,1.69101284205588,639,0.114587243254615,639,0.163628951568829
,638,0.0729538752582058,638,2.2204055432142,638,1.69323678765243,638,0.116627509099626,638,0.167056986497755
,637,0.0732120251135913,637,2.21671132759767,637,1.69542672405624,637,0.118840292238901,637,0.170680151321443
,636,0.0734845844136741,636,2.22201970102616,636,1.69610790292764,636,0.121023770231118,636,0.174384847622686
,635,0.0737809066111053,635,2.22345739296561,635,1.69835755534214,635,0.12349525151152,635,0.178226253390101
,634,0.0740192273644919,634,2.22630878808345,634,1.70023874093536,634,0.125579731812969,634,0.181686273241335
,633,0.0740809616718884,633,2.22498618650349,633,1.70173077245438,633,0.127936089868387,633,0.185685504197986
,632,0.0742748171555211,632,2.23322139837898,632,1.70545444643818,632,0.130595957288884,632,0.189939603140521
,631,0.0746523973550495,631,2.23361771432096,631,1.70731964550512,631,0.133486429293452,631,0.194864697924923
,630,0.0747846034171984,630,2.2307538656207,630,1.7061915209412,630,0.135815732415977,630,0.19890362498808
,629,0.0752907402754073,629,2.23499084267289,629,1.71142532698902,629,0.139083839537775,629,0.203830239319709
,628,0.0754022003822529,628,2.24195093035694,628,1.71447000295589,628,0.141865690015405,628,0.208557981964056
,627,0.0757150880907752,627,2.2367912123566,627,1.71628394756212,627,0.144890225855788,627,0.21341433855918
,626,0.0759479054675744,626,2.24260317452404,626,1.71876086515355,626,0.147987943354491,626,0.218471397704622
,625,0.0762651978876698,625,2.24461389603722,625,1.7193154803284,625,0.151479789288372,625,0.22419454377368
,624,0.0765104123701683,624,2.24805682014809,624,1.72127055405218,624,0.154924969523114,624,0.229688043811612
,623,0.0765974512758941,623,2.2533023359266,623,1.7248092813483,623,0.158229678041466,623,0.234994993575823
,622,0.0770521649371855,622,2.2518302621622,622,1.72780429523388,622,0.162140130187029,622,0.241369155259956
,621,0.0775360718622295,621,2.25692402903621,621,1.7295380263696,621,0.166240688846072,621,0.247715712129514
,620,0.0775964511444528,620,2.25777864597911,620,1.73228858169208,620,0.169923970674871,620,0.253936201573472
,619,0.0779782635688563,619,2.257942995375,619,1.73342558426454,619,0.173802728348249,619,0.26016041843742
,618,0.0783831698654438,618,2.26102866707407,618,1.73448120076322,618,0.178115020744044,618,0.267109592286993
,617,0.0786647347809901,617,2.26778217078152,617,1.73644837033818,617,0.182556824356209,617,0.273966979090362
,616,0.0788376784475494,616,2.26170335286113,616,1.74038014426808,616,0.187217343355116,616,0.281340102344926
,615,0.0792456551127422,615,2.27017258256509,615,1.74229601843854,615,0.191791719868961,615,0.288861356432243
,614,0.0795540811471579,614,2.27152257099316,614,1.74531978917626,614,0.196495444637759,614,0.296379768055134
,613,0.0798915058756874,613,2.27202232900102,613,1.74849380261076,613,0.201599473660709,613,0.304617293085083
,612,0.0802670275400144,612,2.27604283605793,612,1.74954283517454,612,0.206653288972797,612,0.312811739882392
,611,0.080416903506744,611,2.2778604021597,611,1.75222627795117,611,0.212072242083546,611,0.321647443937302
,610,0.0810785391126838,610,2.27995446923211,610,1.75308531381678,610,0.217412864573308,610,0.330203046172614
,609,0.0813128456287067,609,2.28247754221185,609,1.75706162187907,609,0.222581059462589,609,0.33841392621589
,608,0.08171703113266,608,2.28357007296473,608,1.75937413586087,608,0.228314884192218,608,0.347855628473973
,607,0.0818813487710411,607,2.28398354905359,607,1.76116026446095,607,0.234678532600827,607,0.357850814781417
,606,0.0823344035668232,606,2.29271243313463,606,1.76343625288324,606,0.240925560794735,606,0.368192585504076
,605,0.0826886514360779,605,2.29167169581526,605,1.76590175771508,605,0.247056456028587,605,0.378017066385324
,604,0.0830135412802807,604,2.29397703492431,604,1.76797022834625,604,0.253256682127373,604,0.388061831107927
,603,0.0832598689163721,603,2.29762281755557,603,1.76986308346926,603,0.259515371769418,603,0.398102305185913
,602,0.0835898621312434,602,2.29770051763553,602,1.77120614822431,602,0.266268016843401,602,0.409363933479492
,601,0.0839828873469379,601,2.29699734888128,601,1.77495993302655,601,0.273560795141357,601,0.421287705135362
,600,0.0844642695573361,600,2.29798386341363,600,1.77609781569192,600,0.281095111224219,600,0.433460879232491
,599,0.0846613067790281,599,2.30614154598152,599,1.77960635084971,599,0.289029529451943,599,0.446489574963492
,598,0.0848821009435767,598,2.30909036722739,598,1.78115794487545,598,0.296439085495346,598,0.458871887253392
,597,0.085354839930422,597,2.31048205212633,597,1.7840781012921,597,0.303502972293273,597,0.470275307378792
,596,0.0856774744558355,596,2.30957470785322,596,1.78693307737938,596,0.311346784722027,596,0.482924033113921
,595,0.0858400171945046,595,2.30952855100332,595,1.7888095669344,595,0.319901576185477,595,0.497011744120606
,594,0.0863589272553934,594,2.31712586789553,594,1.79135825465069,594,0.328864459187319,594,0.511599879207609
,593,0.0867157791374568,593,2.31698750167581,593,1.79362835484483,593,0.337921663797902,593,0.526680886975972
,592,0.0870964915387526,592,2.32199501393395,592,1.79579688644658,592,0.347048679390924,592,0.54104894018389
,591,0.0875446988267832,591,2.32106721761516,591,1.79763914909772,591,0.35646155765036,591,0.556396005772914
,590,0.0880150841275166,590,2.33085739776956,590,1.80060839605426,590,0.365997531099285,590,0.571973195565423
,589,0.0883284394436763,589,2.335168633378,589,1.80451456177403,589,0.376114056236434,589,0.588614055860735
,588,0.0886803734175497,588,2.32855038348883,588,1.80393659810859,588,0.386882441019422,588,0.605702677910047
,587,0.0892743153179738,587,2.33051195293611,587,1.80757755165559,587,0.397631615694086,587,0.622693265133747
,586,0.0895406677801721,586,2.33764690339966,586,1.81004225073257,586,0.408227242027075,586,0.639842782038029
,585,0.0898226227635638,585,2.33757856911739,585,1.81034965453061,585,0.419883561112443,585,0.658515199644286
,584,0.0905446696678815,584,2.34591813968457,584,1.81307665054478,584,0.431256437371323,584,0.676969212741148
,583,0.0910282449577926,583,2.34829609224262,583,1.8196384595427,583,0.444034345878391,583,0.696825342946628
,582,0.0914373927851729,582,2.34839576871255,582,1.82004468725297,582,0.456597149920177,582,0.716554126798918
,581,0.0919181251392906,581,2.3544853041243,581,1.82036021858806,581,0.46861370673801,581,0.735947435658028
,580,0.0922650419393095,580,2.34825280099269,580,1.8239817498257,580,0.481485219221168,580,0.75567393579374
,579,0.092956854276068,579,2.35398386704064,579,1.82751555340737,579,0.494968071266769,579,0.777462996300779
,578,0.0934409095432343,578,2.35666987865395,578,1.83100828420791,578,0.509295635597872,578,0.79939888092887
,577,0.0940671186131051,577,2.36490157519127,577,1.83464133983729,577,0.523448981817294,577,0.822189119475003
,576,0.0944329372572776,576,2.35723855116571,576,1.83357632566111,576,0.536778595360901,576,0.842865293653641
,575,0.0949241170934887,575,2.36220767860937,575,1.84018660857536,575,0.550889751734767,575,0.864746892981154
,574,0.0954155951044281,574,2.36751568988965,574,1.84132441814276,574,0.565813629832313,574,0.888269818742189
,573,0.0959061449272898,573,2.36434477936345,573,1.84211212599465,573,0.581235931633065,573,0.912147658187061
,572,0.0964704588061125,572,2.37034917982236,572,1.84497670597242,572,0.596031150737877,572,0.935763002836793
,571,0.0970599445280653,571,2.37796664902778,571,1.85063090768411,571,0.611518628653341,571,0.959379228147383
,570,0.0977111715432215,570,2.37901126790741,570,1.85420070576361,570,0.627252637325308,570,0.983289942169238
,569,0.0983770773804258,569,2.37992233070174,569,1.85937028255363,569,0.643213059243561,569,1.00812314705922
,568,0.0988995574980918,568,2.38859584075156,568,1.85646654925504,568,0.660180440469612,568,1.03492888058457
,567,0.0994767930026968,567,2.39570595050836,567,1.86111041300885,567,0.67684222698036,567,1.06091869895861
,566,0.100376865999306,566,2.39153183169703,566,1.86461060637479,566,0.692796533544943,566,1.08522377902845
,565,0.10071787796956,565,2.3953861155989,565,1.86706931435069,565,0.708649141674883,565,1.1092341578492
,564,0.101480715306465,564,2.39648331454202,564,1.87002583649556,564,0.725708832027757,564,1.13697320710639
,563,0.102132125866992,563,2.40412978420667,563,1.87115827209748,563,0.743080410390818,563,1.1632399444444
,562,0.103000380222933,562,2.4106287568252,562,1.87807412819166,562,0.760475360285508,562,1.18979479280063
,561,0.1036076417406,561,2.40320099415237,561,1.87808582758098,561,0.777554303282013,561,1.21671521148181
,560,0.104379098664856,560,2.41221628474813,560,1.88039263004389,560,0.794619875621557,560,1.24410862507957
,559,0.105111598920619,559,2.41411932797669,559,1.88449357166303,559,0.812067318561522,559,1.26998808568647
,558,0.105646045873106,558,2.41617195104591,558,1.89005172084422,558,0.828083814190119,558,1.2960502312895
,557,0.106518946026028,557,2.40943840331344,557,1.89245244157281,557,0.845768350000615,557,1.32236428359178
,556,0.107579604578258,556,2.42240277244347,556,1.89508255953232,556,0.863039882149757,556,1.35174542867689
,555,0.108049867694485,555,2.42672059783968,555,1.89651277657028,555,0.880371938269617,555,1.3782053052986
,554,0.108905164121216,554,2.43446324551164,554,1.90170818779968,554,0.896743068157023,554,1.40282141298467
,553,0.109645711223358,553,2.44401442768316,553,1.90435479690169,553,0.912179588633151,553,1.42781472134288
,552,0.11049357605308,552,2.44812746372263,552,1.90506675679887,552,0.927709819813812,552,1.4522368718075
,551,0.111365612415591,551,2.45043139976514,551,1.9100908253244,551,0.944424745804951,551,1.47757523411101
,550,0.11224587270188,550,2.45221918050683,550,1.91549707055787,550,0.961135780121669,550,1.50580072113423
,549,0.113148914192662,549,2.45915506185427,549,1.91966112209628,549,0.977039601110293,549,1.5316777862189
,548,0.113967540829228,548,2.45544664936031,548,1.91920321161997,548,0.991652361403459,548,1.55505627621847
,547,0.114880412065749,547,2.4600311854375,547,1.92452277948277,547,1.00584901856609,547,1.57687933597989
,546,0.115621227691381,546,2.46852214785259,546,1.92782617173301,546,1.01964595498548,546,1.59921577893507
,545,0.116747188197758,545,2.47043876685647,545,1.93042734650815,545,1.03489360423388,545,1.62337558698516
,544,0.117788744610933,544,2.46637367219379,544,1.93382075819311,544,1.04858886456478,544,1.64641996778776
,543,0.118811943383123,543,2.4806879408465,543,1.93727267900678,543,1.06196354918007,543,1.66664455808667
,542,0.11965608865192,542,2.47757131680556,542,1.94145150209737,542,1.07335625212853,542,1.6864660945999
,541,0.120675703977447,541,2.48492036524279,541,1.94435504072502,541,1.08420046145851,541,1.70239334054909
,540,0.121702309337936,540,2.48484451879356,540,1.94868645785435,540,1.09624162770626,540,1.72224950230083
,539,0.122989142697655,539,2.48919222856921,539,1.95155007794026,539,1.10823630719179,539,1.74241808400953
,538,0.124145487074084,538,2.49649452500795,538,1.95455778308471,538,1.11983345660854,538,1.76050899776869
,537,0.125156958365532,537,2.50462228353044,537,1.96020031020563,537,1.12855464130965,537,1.77533036071589
,536,0.126214370421103,536,2.51285024813656,536,1.96131401560143,536,1.13784029098319,536,1.7897157679628
,535,0.127461614201211,535,2.5145495898601,535,1.96497446295699,535,1.14723561895713,535,1.80604005698015
,534,0.128645365300714,534,2.52221275613958,534,1.97177020576458,534,1.15527112872025,534,1.81935608449137
,533,0.129661521794061,533,2.53221085212412,533,1.97199213694653,533,1.16200905252858,533,1.82953396675848
,532,0.130953958729041,532,2.53089546285352,532,1.97634269511689,532,1.16941846175322,532,1.84008427313368
,531,0.132285039467756,531,2.54402866063527,531,1.98101122521146,531,1.1760453721296,531,1.85029527261919
,530,0.133573242804891,530,2.54846959286009,530,1.98581354827962,530,1.18207848637452,530,1.86100942955183
,529,0.134753034329516,529,2.55537522623589,529,1.98872706384735,529,1.18656626496533,529,1.86833641920376
,528,0.136018882938555,528,2.55959785182492,528,1.99258135532166,528,1.19038472719592,528,1.87484998983371
,527,0.137525775786562,527,2.56988325109235,527,1.9961651183926,527,1.19477848916554,527,1.87939279571561
,526,0.138840511099391,526,2.57567950756544,526,2.00126561309336,526,1.19767975675289,526,1.88390686808005
,525,0.140321947685201,525,2.59045105337226,525,2.00452176162657,525,1.20044711754161,525,1.88888741485457
,524,0.141735800609744,524,2.60165588263629,524,2.00986388317849,524,1.20321817234737,524,1.8917246273813
,523,0.143295603114189,523,2.60299508599378,523,2.01451695583111,523,1.20430026406678,523,1.89242140491969
,522,0.14486962813352,522,2.61347119309914,522,2.01931610590698,522,1.20523354792808,522,1.89397814737914
,521,0.146438063478104,521,2.6330987273922,521,2.02392717543401,521,1.20529601991322,521,1.89452840023359
,520,0.14810744750585,520,2.64013308454224,520,2.02986422765049,520,1.20538368271438,520,1.89231028473655
,519,0.149485300933839,519,2.64999146684607,519,2.03367084747148,519,1.2044768119641,519,1.89131283458627
,518,0.151154326839668,518,2.66352120960599,518,2.03707687074323,518,1.20362041204683,518,1.8880603225356
,517,0.152875615000525,517,2.67391360103742,517,2.04367410998901,517,1.20202759475036,517,1.88444561550878
,516,0.154693857083254,516,2.69673438690239,516,2.04961079976953,516,1.19980045831432,516,1.87978901853599
,515,0.15625027649078,515,2.71500608348026,515,2.0526327767185,515,1.19658549555982,515,1.87267830511887
,514,0.158008011461289,514,2.72576911682113,514,2.05861883779333,514,1.1936881182127,514,1.86881126743879
,513,0.159860931064049,513,2.7388709762582,513,2.06302203942925,513,1.19021481772023,513,1.86022779345235
,512,0.16174733515982,512,2.76196499780098,512,2.0733061338247,512,1.18654423907834,512,1.85272809121724
,511,0.163636799598312,511,2.76934635906826,511,2.07645782388377,511,1.18210186172935,511,1.84488987531553
,510,0.165390310295505,510,2.79087817917632,510,2.08396003433279,510,1.17727129682465,510,1.83681520642685
,509,0.167332483998776,509,2.82412400132531,509,2.08847256530809,509,1.17231128187171,509,1.82710502407372
,508,0.169331586606529,508,2.82213999764051,508,2.09653243377135,508,1.16687965279849,508,1.81630782676743
,507,0.171473801025891,507,2.86309681068907,507,2.10040466659101,507,1.16133839940339,507,1.80716543101974
,506,0.173720194822437,506,2.89113617798821,506,2.11081031760177,506,1.1545649242121,506,1.7937707189188
,505,0.175817665851678,505,2.89878941468486,505,2.11782205504747,505,1.14829624406633,505,1.78302677274002
,504,0.177764264659097,504,2.9092566134213,504,2.12045095224989,504,1.14177017087707,504,1.77203089759741
,503,0.179877528331794,503,2.94175106254963,503,2.12776602139979,503,1.13497626260352,503,1.75929730724456
,502,0.182245507527799,502,2.97868015057412,502,2.1331485551906,502,1.12783542019383,502,1.74708132470737
,501,0.18448266691989,501,2.9828900020496,501,2.14170375583535,501,1.12008761727729,501,1.73311844317662
,500,0.187094265846093,500,3.01011548064325,500,2.14805192294479,500,1.11244337839972,500,1.71929399078777
,499,0.189351283497034,499,3.02304150595569,499,2.15896208184081,499,1.10482545127193,499,1.70557253744065
,498,0.191568625061775,498,3.05191706640494,498,2.16385247191754,498,1.09707855689092,498,1.69216352585421
,497,0.193952276530211,497,3.07372158266621,497,2.17134744839185,497,1.08984451693852,497,1.67926892778295
,496,0.196406246495374,496,3.08276597786167,496,2.17909569315951,496,1.08141107007761,496,1.66638245630104
,495,0.19930280816698,495,3.09884677801833,495,2.18731030069653,495,1.07226543510264,495,1.64923339578982
,494,0.202020020920042,494,3.13410491943109,494,2.19268367358623,494,1.06290532420717,494,1.63503867158458
,493,0.204634403240176,493,3.14855267187764,493,2.20118695927644,493,1.05456247509065,493,1.62056022097629
,492,0.206975355685976,492,3.16330898364921,492,2.20548576195581,492,1.04717856252257,492,1.60824667956014
,491,0.209377286274349,491,3.17797155536826,491,2.21312365101197,491,1.03924510019441,491,1.59530491278702
,490,0.212649392501502,490,3.19895970438297,490,2.22156456506907,490,1.02958875296437,490,1.57929222250322
,489,0.215641156991823,489,3.21379514960791,489,2.2294457352712,489,1.01998260224273,489,1.56433805308788
,488,0.218142791191534,488,3.23089442850228,488,2.23615341476957,488,1.01272596876927,488,1.55104043956804
,487,0.220819303587698,487,3.23878832940844,487,2.2420635599131,487,1.00511500445937,487,1.53900124383269
,486,0.223920357922064,486,3.26155333515797,486,2.2485597759557,486,0.995679091652443,486,1.52393713487205
,485,0.227095457585658,485,3.26619147378018,485,2.25569368953944,485,0.986529909527283,485,1.50932363151083
,484,0.229706845880051,484,3.28262979033483,484,2.26225610882321,484,0.980128643922557,484,1.49839569623124
,483,0.232393613759544,483,3.27762660524522,483,2.26669193278975,483,0.973163584824462,483,1.48656324166252
,482,0.235618409964639,482,3.30473861046094,482,2.27407202230082,482,0.965152205700897,482,1.47372468731086
,481,0.238865446282123,481,3.31843908223477,481,2.28073387725908,481,0.957588400324068,481,1.46079307789231
,480,0.242074832950408,480,3.32298276939503,480,2.28743024400877,480,0.950153009210894,480,1.44841097053352
,479,0.245409629033928,479,3.3437511942964,479,2.29455106296766,479,0.942828678526245,479,1.43665193163322
,478,0.248800343097233,478,3.35046678720766,478,2.30238534751352,478,0.936057147014888,478,1.42516255495251
,477,0.252070121711793,477,3.36741258210436,477,2.30773356394366,477,0.929757793576575,477,1.41411706619901
,476,0.255189693432062,476,3.36608972007006,476,2.31523582607867,476,0.923439493133349,476,1.40411373252488
,475,0.25876516135511,475,3.39855426601118,475,2.3224954154938,475,0.917594610623352,475,1.39418443479115
,474,0.262267924303332,474,3.41094064107863,474,2.33094634762919,474,0.911620616490864,474,1.38422463277652
,473,0.265917574543455,473,3.43221795035076,473,2.33900764117126,473,0.906672534116461,473,1.37507652042103
,472,0.269448989358943,472,3.43399035958446,472,2.34840866969243,472,0.901136476055329,472,1.3661698411538
,471,0.27308498240938,471,3.44860311513107,471,2.35682797041607,471,0.896430168130579,471,1.3577554968667
,470,0.276753583186752,470,3.46236419032013,470,2.36469963020871,470,0.892354161184771,470,1.35025210315917
,469,0.28064585018236,469,3.49510602115605,469,2.374393785672,469,0.888067824236709,469,1.34267420670551
,468,0.284550337661635,468,3.50341791372056,468,2.38226975322658,468,0.884020831877431,468,1.33595901651809
,467,0.288625168215846,467,3.49764390629218,467,2.39234577314646,467,0.88012260897686,467,1.32905481912918
,466,0.292411458449648,466,3.52655556765411,466,2.40229563427828,466,0.876747015256077,466,1.32257913253142
,465,0.29632409489281,465,3.5272391372729,465,2.41104716213412,465,0.87343507481594,465,1.31700579689362
,464,0.300298350031364,464,3.58715355873014,464,2.42109319379408,464,0.870481716280428,464,1.31167053807266
,463,0.304661170533544,463,3.57372711766205,463,2.43118438273231,463,0.86760813071649,463,1.30669303404494
,462,0.309076676006753,462,3.58896208211875,462,2.44047961006285,462,0.86458065594756,462,1.30154701310416
,461,0.313244808773276,461,3.63089517370897,461,2.45141987123574,461,0.86191747308208,461,1.29674022851727
,460,0.316967871260719,460,3.60650754932414,460,2.4601004568247,460,0.85988177959458,460,1.29305106353441
,459,0.320979090827786,459,3.6116393630213,459,2.4696395027444,459,0.857826987570224,459,1.28996397429976
,458,0.32534162535345,458,3.63149910111555,458,2.47552482349206,458,0.855830624534834,458,1.28643623868374
,457,0.329850073217914,457,3.6284643745839,457,2.48415885812682,457,0.853731646214943,457,1.28281006661493
,456,0.334473300674206,456,3.62138688039668,456,2.49281678516927,456,0.851742523684184,456,1.27969561888219
,455,0.338823489034991,455,3.63225662955774,455,2.50433096833578,455,0.850121104912436,455,1.27715197891687
,454,0.343115950142902,454,3.62615723752362,454,2.50735327006285,454,0.848792356856095,454,1.27409686038057
,453,0.347235556043074,453,3.63349450813602,453,2.51871688231586,453,0.847180665752404,453,1.27218437750531
,452,0.351540797173015,452,3.59923265804951,452,2.52799078670642,452,0.845926857790729,452,1.27013626757712
,451,0.355907619585589,451,3.61928829127274,451,2.53359494060609,451,0.84446260335487,451,1.26794515571387
,450,0.36032161556456,450,3.62406467170877,450,2.54085292430283,450,0.843254406039496,450,1.26576223865131
,449,0.36454647322828,449,3.62220543742879,449,2.55162479740722,449,0.841993559636422,449,1.26403716616301
,448,0.368766118193849,448,3.64637873229561,448,2.56082669826146,448,0.841283985506997,448,1.26276999070595
,447,0.372582318639436,447,3.65450306039953,447,2.56948212432017,447,0.840254293093082,447,1.26118233206999
,446,0.376527113637394,446,3.67658739273107,446,2.58044748390096,446,0.839120235101914,446,1.25970835800366
,445,0.380615261040896,445,3.64321045704444,445,2.58666733689871,445,0.838186821326157,445,1.25785666024406
,444,0.384793926690978,444,3.72355157475342,444,2.60087188430864,444,0.83728014639986,444,1.25679222432043
,443,0.388675819504651,443,3.73087071821727,443,2.61350732018732,443,0.836676139117891,443,1.25538714006329
,442,0.39264833993175,442,3.73561800679439,442,2.62124168962154,442,0.835499040741223,442,1.25399050688138
,441,0.396043697554272,441,3.76317425588255,441,2.63127801598611,441,0.835045408617105,441,1.25274436347072
,440,0.399749377094785,440,3.72750082457318,440,2.643094014367,440,0.834385315833608,440,1.25129013360331
,439,0.403798899004723,439,3.80007286183201,439,2.65749923859983,439,0.833674331428041,439,1.24990342898978
,438,0.407542490872629,438,3.74591798131248,438,2.6633733866719,438,0.832977504707653,438,1.24825943697671
,437,0.411095813616779,437,3.72645394390513,437,2.67907849714924,437,0.832804276242262,437,1.24702126329738
,436,0.414588803595144,436,3.76210433730875,436,2.69061745576137,436,0.832248544276861,436,1.24486889521573
,435,0.41850691003988,435,3.80250576772012,435,2.69921445243367,435,0.832456750435554,435,1.24370691249301
,434,0.422133162699638,434,3.81173509873147,434,2.71007703244971,434,0.832138916544264,434,1.24208523474446
,433,0.42576162488724,433,3.82016745575502,433,2.72586842671845,433,0.832362422834225,433,1.2403511965457
,432,0.429335465419375,432,3.76738544596731,432,2.73612723806956,432,0.832699747157139,432,1.23867932616498
,431,0.433048541525374,431,3.8368326270013,431,2.74861479450733,431,0.833265314462417,431,1.23721783496806
,430,0.436608503158178,430,3.78026452741242,430,2.7554386117373,430,0.833934787563066,430,1.23526251377921
,429,0.440381097446519,429,3.80628657415808,429,2.77038632923971,429,0.83507661579906,429,1.23306394857584
,428,0.444388935783593,428,3.83306632629894,428,2.7781783906471,428,0.836857186441181,428,1.23133958169632
,427,0.448384166878916,427,3.81353047775599,427,2.78966867228894,427,0.838849238934449,427,1.22935103511512
,426,0.452303197684032,426,3.82376473664207,426,2.8035063630573,426,0.8412591990134,426,1.22802816243189
,425,0.456270535537218,425,3.81542845325749,425,2.81314247209226,425,0.844204573609714,425,1.22611709491615
,424,0.460218090074621,424,3.80875223856459,424,2.8259547317656,424,0.847553346568277,424,1.22433292200426
,423,0.464617332407894,423,3.77773086213764,423,2.83954479370867,423,0.852064865203174,423,1.22276395605156
,422,0.469390498424361,422,3.81088630353913,422,2.85041084810362,422,0.857157780584962,422,1.22090858007797
,421,0.47374706212893,421,3.83385677378416,421,2.86263591191763,421,0.862808184576912,421,1.22003710092666
,420,0.478143178664719,420,3.86720941841212,420,2.87657843375317,420,0.868984223336646,420,1.21816895527448
,419,0.483229899953762,419,3.92281178231587,419,2.88967635702316,419,0.876615429091416,419,1.21780107572077
,418,0.488403924899939,418,3.84565328566249,418,2.90481069229666,418,0.885315812204342,418,1.21673567739356
,417,0.493982182137802,417,3.91923511850092,417,2.91339810296562,417,0.895221845442822,417,1.21623022785649
,416,0.499738134301559,416,3.96822900307308,416,2.93597847722457,416,0.906895123056055,416,1.21587528943883
,415,0.5057554691877,415,3.90421447756233,415,2.95095132468358,415,0.918638794186048,415,1.21575434672614
,414,0.51174005401884,414,3.97435666450934,414,2.96725530617201,414,0.932217858665281,414,1.21587313515132
,413,0.51794503620853,413,3.95273525895395,413,2.97876343472256,413,0.946992183533208,413,1.21642881656812
,412,0.525024834530096,412,3.96102859181192,412,3.00251825581763,412,0.964568695776837,412,1.21751674054726
,411,0.532153729093645,411,3.99622461035993,411,3.01350984575331,411,0.983183314078905,411,1.21879917665294
,410,0.539421946417392,410,4.02700867005591,410,3.02257779418951,410,1.00258569153032,410,1.22063070063015
,409,0.546595337369771,409,3.94968241860711,409,3.03609586649183,409,1.02371230901651,409,1.22282065071998
,408,0.555007680491608,408,3.95653062312252,408,3.05684257032023,408,1.0476727217821,408,1.225710945837
,407,0.563797195343624,407,4.04425670109066,407,3.07043578166573,407,1.07356483243478,407,1.22898746206528
,406,0.572596509593222,406,4.12434367073408,406,3.09388818700909,406,1.1005367829663,406,1.23298681160473
,405,0.581910352542136,405,4.2082853189814,405,3.11416128856839,405,1.13062417670457,405,1.23771020439333
,404,0.591444188673862,404,4.13428427439875,404,3.12194073703481,404,1.16051689556348,404,1.24256296298104
,403,0.601244469379504,403,4.18976124021802,403,3.1378511118825,403,1.19256508684777,403,1.24835016890595
,402,0.612030773410937,402,4.23445105515435,402,3.16490160272641,402,1.22843095531273,402,1.25474260622038
,401,0.623666869969289,401,4.21627128362315,401,3.18289894947277,401,1.26714945005402,401,1.26221521953316
,400,0.635497788626569,400,4.33459847463968,400,3.18944161496339,400,1.30807496561422,400,1.27017059344979
,399,0.647774611088696,399,4.26577356137564,399,3.23067844150956,399,1.34999606564495,399,1.27871532861722
,398,0.660363273172219,398,4.3387118016017,398,3.22535177885778,398,1.39285799691173,398,1.28784825306639
,397,0.673835306155194,397,4.22463343795266,397,3.27217537364469,397,1.43912022363016,397,1.29783308936537
,396,0.688003419129161,396,4.1569496488908,396,3.28052118495095,396,1.48797510168266,396,1.3084764996361
,395,0.70206322962272,395,4.13267603388444,395,3.32897894819363,395,1.53729626055949,395,1.31982232855784
,394,0.717218921711498,394,4.43079000844968,394,3.34986615952206,394,1.58810902539894,394,1.33174826423313
,393,0.734087623493472,393,4.22633871053673,393,3.37981302270186,393,1.64474608713848,393,1.34535288217705
,392,0.749215521797464,392,4.18042264392853,392,3.40283592008842,392,1.69672616813328,392,1.35782662930944
,391,0.765534086518526,391,4.21322905875952,391,3.41429978337173,391,1.74996255831404,391,1.37115415201176
,390,0.7846142539544,390,4.3387312393118,390,3.43642817575771,390,1.81043078731379,390,1.38660145906001
,389,0.804899782442476,389,4.40807259786232,389,3.52302001659147,389,1.87280108065031,389,1.4026427810276
,388,0.825238059072311,388,4.3845848819795,388,3.54380588104061,388,1.93731430453787,388,1.41942314976917
,387,0.845474585183958,387,4.56008153501695,387,3.56947661774045,387,1.99814069108833,387,1.43622146442884
,386,0.867002822207306,386,4.42463525729886,386,3.57985110468274,386,2.06029212337846,386,1.45208069994046
,385,0.889862348216794,385,4.47318077934263,385,3.69025928870829,385,2.12290480774587,385,1.4698934210111
,384,0.913929435668613,384,4.36018781238732,384,3.64711145189521,384,2.18983499356979,384,1.48894479943503
,383,0.939795559633211,383,4.54326585211481,383,3.63087745244806,383,2.25583654788935,383,1.50815780993386
,382,0.968144954357846,382,4.81903525993728,382,3.7348234255554,382,2.3288374764845,382,1.52855300622984
,381,0.996442245324131,381,4.32629278868704,381,3.81574762342626,381,2.39395535195139,381,1.54948834546908
,380,1.02630311176542,380,4.68031208608227,380,3.7421004375501,380,2.4654911997625,380,1.57001179514171
,379,1.05926381753659,379,4.58266470976944,379,3.805769117007,379,2.52860230646372,379,1.59258189336925
,378,1.09248106489075,378,4.36325071891263,378,3.82809055685972,378,2.59566964956272,378,1.6148511715429
,377,1.12634963678891,377,4.51183862600355,377,3.81605378751182,377,2.66370642032789,377,1.6375412186231
,376,1.16563609483237,376,4.46584711962858,376,3.88950918889021,376,2.73387793157117,376,1.66262124320074
,375,1.20669262806803,375,4.42847669057122,375,3.93700368074098,375,2.79967301317464,375,1.68879801430346
,374,1.25277716809804,374,4.57638418889415,374,3.96667242682328,374,2.87416408626711,374,1.71816074920977
,373,1.30402285920927,373,4.5771068096991,373,3.90435886556936,373,2.9360040008028,373,1.74888751115078
,372,1.3564625796513,372,4.96728515351902,372,3.9709498838352,372,3.00490669395079,372,1.78235880974189
,371,1.41330824198041,371,10,371,4.04981211704347,371,3.08584506485982,371,1.81562908727846
,370,1.47290374247795,370,5.07957221880459,370,4.04070293060537,370,3.14933480583322,370,1.8498611292451
,369,1.53466636987485,369,4.55808379145747,369,4.33327265388526,369,3.20886119066635,369,1.88385126871374
,368,1.59890885865074,368,4.65471755535964,368,4.22034220449872,368,3.2614214602726,368,1.91670366480944
,367,1.66710710323147,367,4.95547192671107,367,4.22279726779043,367,3.35577821916399,367,1.95260556205612
,366,1.73919911975495,366,5.13906954995977,366,4.16668377690291,366,3.4302381123464,366,1.98571044743839
,365,1.81632815023429,365,5.28508617458467,365,4.36830478163872,365,3.50727207013153,365,2.0230681421214
,364,1.89563157440401,364,5.16734944130418,364,4.15346764465124,364,3.52289250207027,364,2.05676608103672
,363,1.9787356362605,363,5.13598569681363,363,4.26545712271389,363,3.56449972893757,363,2.09271174606919
,362,2.0524832723895,362,5.14005210679016,362,4.3744574186821,362,3.61583006917416,362,2.12476052024456
,361,2.13323886100471,361,5.07124431713943,361,4.09996965338956,361,3.64850942820665,361,2.15687691299485
,360,2.23298901789698,360,5.17357382362908,360,4.47393182921749,360,3.71243905949129,360,2.19544502262004
,359,2.34025514733499,359,4.91111866571343,359,4.21014988324822,359,3.83306447601524,359,2.23695838122809
,358,2.43638961737898,358,4.92201760198463,358,4.29016670762616,358,3.82603709042892,358,2.27308421326655
,357,2.53418012393299,357,10,357,4.28582907541745,357,3.85494987001896,357,2.3097599208088
,356,2.64444665484197,356,5.1991588172772,356,4.37902044477189,356,3.91979718406055,356,2.35013929146391
,355,2.76190850890832,355,4.92259685959602,355,4.240871863487,355,3.95451902139187,355,2.39011507937708
,354,2.88399239386207,354,4.95989396956805,354,4.43434087121759,354,3.99573360899351,354,2.43555173579129
,353,2.99784446586278,353,5.88241523351072,353,4.32751007451611,353,4.03220498385867,353,2.47797218867551
,352,3.12588662669742,352,10,352,4.35457320839268,352,4.0977693812347,352,2.52280129274136
,351,3.25295853401886,351,4.87848747447756,351,4.45127036624672,351,4.05582850733556,351,2.57063514578134
,350,3.36861518120064,350,10,350,4.5045881609254,350,4.19826114731342,350,2.61457891951754
,349,3.49190285506764,349,5.80179729294393,349,4.32841262011655,349,4.27254154255495,349,2.66985266268346
,348,3.66337119160327,348,5.06943798849836,348,4.63455638147226,348,4.46973016707032,348,2.71581099241841
,347,3.73357020908381,347,4.59306712310942,347,4.3202029857453,347,4.29057654014613,347,2.77412122839
,346,3.88550537378895,346,5.07441229706899,346,4.43859383613452,346,4.46443227058115,346,2.81902697657651
,345,3.91250657795708,345,5.31293892042852,345,4.47037758039455,345,4.2225841405191,345,2.87113598793698
,344,3.94899084211105,344,4.70760433280081,344,4.40373091165894,344,4.51575163714787,344,2.92553285561328
,343,3.97238363385521,343,4.95608746339019,343,4.34736686645685,343,4.39436386407514,343,2.99052536673004
,342,3.97858649905694,342,5.75954612861319,342,5.1809284069294,342,4.45323657270705,342,3.04906544117726
,341,4.0335695031284,341,4.61273049537922,341,4.76658602271467,341,4.28369888124881,341,3.1077098823347
,340,4.13123639346847,340,4.86831717488555,340,4.49929867508183,340,4.64998283731775,340,3.17285205559473
,339,4.14618551022384,339,5.28943441572637,339,4.44424677735924,339,4.58083533626689,339,3.24613044041477
,338,4.00277640920444,338,5.07983208516848,338,4.70981071723682,338,4.55068701284085,338,3.30760580560999
,337,4.11927345793946,337,4.75029375953585,337,4.37936602290181,337,4.47292294083816,337,3.3910535372466
,336,4.19508835870709,336,10,336,4.50711586922015,336,4.57989195697946,336,3.4374303120874
,335,4.14937305455375,335,5.27100391089984,335,4.45726684276187,335,4.89615801575722,335,3.50544951915199
,334,4.29517590528263,334,4.64760490062648,334,4.58377779901896,334,4.46790635083096,334,3.56128529749418
,333,4.27081863915073,333,5.59293699157933,333,4.51374775219839,333,4.48129363222862,333,3.65084852098422
,332,4.19987284805396,332,4.83135653442672,332,4.46934538497075,332,4.47687939467512,332,3.70477371681091
,331,4.15212094345141,331,4.56740862118778,331,4.35749873981508,331,4.54102847333584,331,3.83850806539977
,330,4.24433437775903,330,4.92926155634668,330,4.47065338431662,330,4.29478071112265,330,3.87476848118053
,329,4.0625973311372,329,4.62504266998801,329,4.60726574361178,329,4.6694590153142,329,3.88134982047012
,328,4.11880964668678,328,10,328,4.27245647159538,328,4.67517802510172,328,3.93812901941552
,327,4.12664779282236,327,4.73166657722528,327,4.4087090069199,327,4.52611754343176,327,4.04636229002045
,326,4.16548129572698,326,4.82929025960519,326,4.79514906577844,326,4.46428655204631,326,4.05797358121372
,325,4.13830870510492,325,4.94224213802294,325,4.40347732155971,325,4.41922662911638,325,4.12777820263984
,324,4.17946861199354,324,5.20879046172444,324,4.74074191277821,324,4.60988814869144,324,4.23112088503341
,323,4.19603672169735,323,4.62985411552884,323,4.4890126419558,323,4.51170720724619,323,4.27770055464817
,322,4.16152979588305,322,10,322,4.57847209971501,322,4.75433642451176,322,4.63120729175109
,321,4.37045860361259,321,4.86582064111941,321,4.45354515514004,321,4.40887411820114,321,4.62476150456714
,320,4.1418942627817,320,4.70919502918003,320,4.78788731739419,320,4.75365615315884,320,4.28682870627768
,319,4.10739720761981,319,4.75057244047643,319,4.58504333791365,319,4.65107255188241,319,4.58187517245076
,318,4.23683322968146,318,4.78070585140177,318,4.52098035700146,318,4.92473408156297,318,4.33399529295057
,317,4.16344867945812,317,4.61978278522444,317,4.40906802285708,317,4.48167363299731,317,4.49979343625932
,316,4.14785989547044,316,5.19712106103991,316,4.61346629203711,316,4.44220738153003,316,4.60203586127056
,315,4.11643064320552,315,4.87182338899398,315,4.4559930700037,315,4.50367685761012,315,4.58089847369236
,314,4.15913220403957,314,4.59893738453144,314,4.7265426982005,314,4.57784548769449,314,4.5533391992339
,313,4.05489394155476,313,5.04687946179438,313,4.45663034845966,313,4.56499514695153,313,4.53245946189135
,312,4.14852855202796,312,5.00158003139233,312,4.51978017063517,312,4.55528769300646,312,4.64087874500752
,311,4.14890874449919,311,4.80629630411656,311,4.6830242033578,311,4.60654253981855,311,4.70789824148552
,310,4.10772217630808,310,4.94920535510475,310,4.41602814275284,310,4.62224602579065,310,4.6119106318078
,309,4.13116941327909,309,4.72493036153112,309,4.64896111102437,309,4.58227342996901,309,4.67021324964426
,308,4.1583938340556,308,5.01191850575049,308,4.40117574265614,308,4.47565130212472,308,4.56826794016354
,307,4.11438801929864,307,5.05486211107541,307,4.41196100196691,307,4.68255271147224,307,4.78087371128727
,306,4.12364806474424,306,4.98599000813531,306,4.5187098445604,306,4.52198213681694,306,4.66566964835999
,305,4.14418918905751,305,4.94649082699683,305,4.52255698615345,305,4.53085324310578,305,4.6292778693061
,304,4.09745070472661,304,4.85158898268929,304,4.39554341573904,304,4.44600233450934,304,4.63758737224271
,303,4.07566910861724,303,4.83295311313436,303,4.4884146951336,303,4.61339308114052,303,4.92134294126113
,302,4.10715178027166,302,4.8424453915885,302,4.47304472709442,302,4.62839826087612,302,4.76105738060958
,301,4.15518665913174,301,4.87859999691038,301,4.46794166533739,301,4.62603396177295,301,4.85922996870875
,300,4.15895095670024,300,4.94754988157606,300,4.5309820008437,300,4.58537332172503,300,4.58143310205387
,299,4.18090955307245,299,4.83108273977811,299,4.59797158404892,299,4.56965653233866,299,4.65550695291014
,298,4.11764277268446,298,4.93142860633333,298,4.52889133239674,298,4.56464581223091,298,4.64626218302245
,297,4.17765961183092,297,4.86450760145089,297,4.54697107473796,297,4.5316806939423,297,4.81543622099701
,296,4.18917911031376,296,4.63657917166866,296,4.49310250978326,296,4.55830424306357,296,4.62310648277901
,295,4.16038536569036,295,4.91986477069676,295,4.65641795744003,295,4.64605473903043,295,4.69209857875273
,294,4.19764958745746,294,4.82890366210426,294,4.61182100660148,294,4.72321604993972,294,4.59977606444899
,293,4.21380646117029,293,5.3928929101042,293,4.70297755653244,293,4.59197516648605,293,4.67740187308882
,292,4.18810566750616,292,4.94762605988821,292,4.59773925267708,292,4.62039257329672,292,4.71496718429172
,291,4.20848571987252,291,4.78878111306103,291,4.69699235402937,291,4.70850272536225,291,4.5191786949669
,290,4.14782738455543,290,4.83180712871069,290,4.61852487595576,290,4.62596234084762,290,4.6746117754171
,289,4.19443679508971,289,4.90513604765949,289,4.68602916564247,289,4.55348485893558,289,4.60719357045588
,288,4.2134405874294,288,4.9133116715174,288,4.66376552850511,288,4.62145695104091,288,4.7201889296527
,287,4.2445945249551,287,5.2116449432783,287,4.67337158296901,287,4.58507284265423,287,4.78495193058648
,286,4.25789192477512,286,5.00566827126358,286,4.67009544812501,286,4.59165774580223,286,4.65573122647157
,285,4.29571218285269,285,5.01685588184484,285,4.84244654578497,285,4.64812736217031,285,4.9470742094921
,284,4.30987606990216,284,5.40351640888066,284,4.91002787482762,284,4.70583922675673,284,4.62696547440365
,283,4.29024397642328,283,4.91685663353906,283,4.81064801512446,283,4.72200937443094,283,4.97708068174093
,282,4.34184739458346,282,5.44172387809061,282,5.02719881974063,282,4.71450831758636,282,4.7705340776626
,281,4.44380335369684,281,5.14159772961649,281,4.93951202548514,281,4.70168200389283,281,4.86419857438845
,280,4.5309088456708,280,5.1619975378685,280,4.82317732276186,280,4.85354579214011,280,4.91378053787046
,279,4.61431906787658,279,5.30519141424399,279,5.5744979886295,279,5.27609652028407,279,4.99359159573043
,278,4.58775042275912,278,5.23389167852082,278,5.24901871585748,278,5.16726690604455,278,4.91107682244688
,277,4.52047475439744,277,10,277,5.07085243884773,277,5.22533672630761,277,5.04265576105334
,276,4.71879944810333,276,10,276,10,276,5.3730414148736,276,5.88375223854632
,275,4.84911510410972,275,10,275,5.2279187781857,275,5.19532462987086,275,5.2050741958602
,274,4.84756842953705,274,5.74370240583985,274,5.16912494064405,274,5.12314536297333,274,5.28330790713249
,273,4.8699684875255,273,5.75083730748807,273,5.14994243695018,273,5.23923265409549,273,5.31375166003771
,272,4.81844910731103,272,5.20997855603705,272,5.27863705262414,272,5.32805025864988,272,6.01090564492052
,271,4.98944866073735,271,10,271,5.4477902469132,271,5.08856999599159,271,5.2919584404032
,270,4.79309128749429,270,5.65160147985036,270,5.29919010304642,270,5.3591236468537,270,6.79472017269984
,269,4.93810855645384,269,5.48034966662526,269,4.99141189504645,269,10,269,10
,268,4.84721906489741,268,5.73693716927766,268,5.84552533259199,268,5.17387461259616,268,5.08446247799684
,267,4.86383393253911,267,5.72696845750843,267,10,267,5.07403207120241,267,5.25168599102358
,266,4.87386550443398,266,5.39240071704443,266,6.40540988192463,266,5.19976182724281,266,5.44340293331883
,265,4.83958918564262,265,6.38793782412834,265,5.02300763330788,265,5.3504020010098,265,6.02425549543038
,264,4.89273781586953,264,5.41402734575579,264,6.10816183938304,264,5.14868074148995,264,5.42826462869618
,263,4.75619430942251,263,10,263,5.55188588811601,263,5.28286890772472,263,5.49853875329197
,262,4.94861177067857,262,5.5579387294896,262,5.59268210249748,262,5.19873962045141,262,5.67619751209104
,261,4.8811110714361,261,5.42935593628165,261,5.34400318792861,261,4.99581530751856,261,5.33417268761458
,260,4.86785356904882,260,5.72024168593929,260,5.90188947168771,260,5.26546529654106,260,5.11173527677418
,259,4.74485051394036,259,5.28833881725362,259,5.89599669779261,259,5.13807260041209,259,5.52671848486046
,258,4.802133001342,258,5.41037323462701,258,5.9603572381223,258,5.32518103233791,258,5.28854083647249
,257,4.78144898026014,257,5.30722734370853,257,5.98499975146437,257,5.16873749864149,257,5.1788162657773
,256,4.89094411139646,256,5.34870537497431,256,5.41699887193968,256,5.12181935075402,256,10
,255,4.99765549743923,255,5.22199302777855,255,10,255,5.28813393952667,255,5.22582047792152
,254,4.98831089980047,254,5.88199489694698,254,10,254,5.07561838979367,254,5.27375708681454
,253,4.85356439944681,253,10,253,5.58021415700057,253,5.16689706902747,253,5.210723980038
,252,4.81605069459739,252,5.62430701085714,252,5.26446138780269,252,5.04596282999561,252,5.14238011943835
,251,4.73714937409425,251,10,251,5.65300654264207,251,5.17710707400945,251,5.59897216255932
,250,4.81665003474435,250,5.54779050572046,250,5.7046365848526,250,5.00668475042983,250,5.32468953131867
,249,4.65366026563554,249,5.50490279682695,249,5.3135446838234,249,5.26617255453257,249,5.37766483147189
,248,4.69787877013372,248,7.3834906918689,248,6.30396681861513,248,5.35369730728177,248,5.46975185352383
,247,4.6890908165968,247,6.15115653429393,247,6.32850536166197,247,5.79400466234822,247,5.10158029843589
,246,4.68977553393999,246,5.93397272297489,246,5.40843241308944,246,5.14410815446202,246,5.19422207695523
,245,4.64724397969023,245,6.96816119425796,245,5.4680775903339,245,4.96136155590824,245,5.2610652734484
,244,4.66208522273644,244,5.64320036704196,244,5.80281570779859,244,5.01591797106819,244,5.4954997338913
,243,4.65259404200583,243,5.64249062563144,243,5.57205484369646,243,5.01489226587026,243,5.14812693680054
,242,4.69526217355766,242,5.84174723915594,242,5.54152404811364,242,5.08956937924636,242,5.08027111699465
,241,4.61671714034752,241,5.84680590361795,241,6.8733583588529,241,5.06809086980078,241,5.39771156899412
,240,4.73840523409875,240,5.35141709904126,240,6.15694483562974,240,5.39236445018006,240,5.45154665700098
,239,4.61076660965486,239,5.71941716549711,239,5.41898295322086,239,5.01566433758815,239,5.28125344297681
,238,4.65482240912907,238,10,238,5.22988919748298,238,5.26268377730085,238,5.23641992442232
,237,4.84899526382408,237,10,237,5.25394134948616,237,5.28282928582721,237,5.23224666225648
,236,4.67515704802926,236,5.46544684263606,236,5.6165103587655,236,5.10704495732453,236,5.05134998369449
,235,4.75763678816573,235,5.52200122839298,235,5.37045533159102,235,5.25364407275777,235,5.31297736744217
,234,4.73544771515445,234,10,234,5.20578107531806,234,5.04662582528938,234,5.25579470849769
,233,4.68917982289298,233,10,233,5.53403738994909,233,5.06203000837958,233,5.30002994200897
,232,4.90139375812187,232,6.1869076034388,232,5.16649088991547,232,5.28860470407018,232,5.70114824139992
,231,4.82715104102771,231,5.76818740774686,231,5.35583165228334,231,5.30900962965564,231,5.04923789095924
,230,4.92406248665245,230,5.62130683237623,230,5.78305862064859,230,5.48073140493621,230,5.86954195883054
,229,4.93248150769686,229,6.32467697146576,229,5.89457027655365,229,5.12326406926922,229,5.38229865651417
,228,4.93311773340313,228,5.35673859054417,228,5.53530153888973,228,5.20920093442588,228,5.65679259944622
,227,5.0816113769862,227,7.33014700892998,227,5.25414964588887,227,5.3023934330767,227,6.16090344542796
,226,5.00603482850688,226,6.21398596922639,226,5.89349819496961,226,5.18367730755107,226,5.81870725681594
,225,4.80047669562244,225,5.17126262881654,225,5.56272939858368,225,5.24463811998536,225,5.57734709749315
,224,5.10724342005627,224,5.46181373410911,224,5.27727952485311,224,5.26298499287993,224,5.89509404904358
,223,5.04767886179085,223,10,223,5.3470864044771,223,5.25211220564621,223,5.13021485087751
,222,5.16459478758147,222,10,222,10,222,10,222,6.1863934575677
,221,4.81154024976219,221,10,221,10,221,5.14936002901986,221,5.48815347056185
,220,4.80405200962432,220,5.79878658746697,220,4.94426358295664,220,5.57194825176575,220,10
,219,5.4087279569023,219,10,219,5.51854547405357,219,10,219,10
,218,5.08303726583248,218,10,218,5.71990187668002,218,5.50838524273223,218,4.98724859852573
,217,4.79845655289898,217,5.03908419774688,217,5.12768632379224,217,10,217,10
,216,5.00026825151308,216,10,216,10,216,4.77724337394823,216,10
,215,5.94458653802528,215,10,215,10,215,10,215,5.8339737949975
,214,4.86207156406895,214,5.75266581442098,214,5.92719730566002,214,4.83204403092472,214,4.95607421877834
,213,4.80506172501465,213,10,213,5.09417392508915,213,10,213,4.64085538740614
,212,10,212,10,212,10,212,5.57489467036267,212,4.61414712454582
,211,4.85304963771453,211,10,211,4.99179354701858,211,5.6442497904555,211,5.17826511949665
,210,4.75849960660132,210,5.79216842937559,210,10,210,5.02313771888363,210,4.63473871194891
,209,4.73527479345208,209,5.03274380487662,209,10,209,5.60648293634967,209,5.37077574516821
,208,6.65524886800343,208,10,208,10,208,10,208,10
,207,5.12234890867319,207,10,207,5.12076008170198,207,5.39887387726505,207,10
,206,4.66462994965536,206,4.93902166136804,206,10,206,10,206,5.25775167375726
,205,5.13759181817097,205,5.02072463942911,205,4.78140642826884,205,10,205,5.47755712707047
,204,4.25180406733827,204,10,204,10,204,4.94736334315225,204,10
,203,4.87918577538573,203,5.08256585988292,203,5.00497112149714,203,5.70551786565969,203,4.54956170121947
,202,6.40334156595816,202,10,202,10,202,4.66287578012371,202,4.85565081596873
,201,4.09492394843224,201,10,201,4.98782220728615,201,4.20058893859168,201,4.93465408872094
,200,4.39281889187182,200,10,200,10,200,10,200,10

